date,temp,id
2013-03-13 14:00:00,19.5,51
2013-03-13 13:54:59,19.12,51
2013-03-13 13:49:58,19.19,51
2013-03-13 13:44:57,19.62,51
2013-03-13 13:39:56,19.69,51
2013-03-13 13:34:55,19.62,51
2013-03-13 13:29:54,19.31,51
2013-03-13 13:24:53,19.0,51
2013-03-13 13:19:53,19.37,51
2013-03-13 13:14:52,19.75,51
2013-03-13 13:09:51,19.69,51
2013-03-13 13:04:50,19.56,51
2013-03-13 12:59:49,19.31,51
2013-03-13 12:54:48,19.06,51
2013-03-13 12:49:47,19.56,51
2013-03-13 12:44:46,19.75,51
2013-03-13 12:39:46,19.69,51
2013-03-13 12:34:45,19.56,51
2013-03-13 12:29:44,19.37,51
2013-03-13 12:24:43,19.25,51
2013-03-13 12:19:42,19.12,51
2013-03-13 12:14:41,19.19,51
2013-03-13 12:09:40,19.44,51
2013-03-13 12:04:39,19.37,51
2013-03-13 11:59:39,19.25,51
2013-03-13 11:54:38,19.19,51
2013-03-13 11:49:37,19.06,51
2013-03-13 11:44:36,18.87,51
2013-03-13 11:39:35,18.69,51
2013-03-13 11:34:34,18.69,51
2013-03-13 11:29:33,18.87,51
2013-03-13 11:24:33,18.81,51
2013-03-13 11:19:32,18.75,51
2013-03-13 11:14:31,18.69,51
2013-03-13 11:09:30,18.62,51
2013-03-13 11:04:29,18.5,51
2013-03-13 10:59:28,18.31,51
2013-03-13 10:54:27,18.12,51
2013-03-13 10:49:26,17.69,51
2013-03-13 10:44:25,17.12,51
2013-03-13 10:39:25,16.87,51
2013-03-13 10:34:24,16.94,51
2013-03-13 10:29:23,17.0,51
2013-03-13 10:24:22,17.06,51
2013-03-13 10:19:21,17.19,51
2013-03-13 10:14:20,17.25,51
2013-03-13 10:09:19,17.25,51
2013-03-13 10:04:18,17.31,51
2013-03-13 09:59:18,17.37,51
2013-03-13 09:54:17,17.37,51
2013-03-13 09:49:16,17.5,51
2013-03-13 09:44:15,17.5,51
2013-03-13 09:39:14,17.56,51
2013-03-13 09:34:13,17.62,51
2013-03-13 09:29:12,17.62,51
2013-03-13 09:24:11,17.69,51
2013-03-13 09:19:11,17.69,51
2013-03-13 09:14:10,17.69,51
2013-03-13 09:09:09,17.75,51
2013-03-13 09:04:08,17.81,51
2013-03-13 08:59:07,17.87,51
2013-03-13 08:54:06,17.87,51
2013-03-13 08:49:05,17.94,51
2013-03-13 08:44:04,18.0,51
2013-03-13 08:39:04,18.06,51
2013-03-13 08:34:03,18.19,51
2013-03-13 08:29:02,18.19,51
2013-03-13 08:24:01,18.25,51
2013-03-13 08:19:00,18.31,51
2013-03-13 08:13:59,18.37,51
2013-03-13 08:08:58,18.56,51
2013-03-13 08:03:58,18.69,51
2013-03-13 07:58:57,19.06,51
2013-03-13 07:53:56,19.31,51
2013-03-13 07:48:55,19.31,51
2013-03-13 07:43:54,19.31,51
2013-03-13 07:38:53,19.31,51
2013-03-13 07:33:52,19.37,51
2013-03-13 07:28:51,19.37,51
2013-03-13 07:23:50,19.37,51
2013-03-13 07:18:50,19.37,51
2013-03-13 07:13:49,19.37,51
2013-03-13 07:08:48,19.44,51
2013-03-13 07:03:47,19.44,51
2013-03-13 06:58:46,19.44,51
2013-03-13 06:53:45,19.44,51
2013-03-13 06:48:44,19.44,51
2013-03-13 06:43:44,19.5,51
2013-03-13 06:38:43,19.44,51
2013-03-13 06:33:42,19.5,51
2013-03-13 06:28:41,19.5,51
2013-03-13 06:23:41,19.56,51
2013-03-13 06:18:39,19.56,51
2013-03-13 06:13:39,19.56,51
2013-03-13 06:08:38,19.56,51
2013-03-13 06:03:37,19.56,
2013-03-13 05:58:36,19.62,
2013-03-13 05:53:35,19.62,
2013-03-13 05:48:35,19.69,
2013-03-13 05:43:33,19.69,
2013-03-13 05:38:32,19.69,
2013-03-13 05:33:31,19.75,
2013-03-13 05:28:31,19.75,
2013-03-13 05:23:30,19.75,
2013-03-13 05:18:29,19.81,
2013-03-13 05:13:28,19.81,
2013-03-13 05:08:27,19.87,
2013-03-13 05:03:26,19.87,
2013-03-13 04:58:25,19.87,
2013-03-13 04:53:24,19.94,
2013-03-13 04:48:23,19.94,
2013-03-13 04:43:23,19.94,
2013-03-13 04:38:22,20.0,
2013-03-13 04:33:21,20.0,
2013-03-13 04:28:20,20.0,
2013-03-13 04:23:19,20.0,
2013-03-13 04:18:18,20.0,
2013-03-13 04:13:17,20.06,
2013-03-13 04:08:17,20.06,
2013-03-13 04:03:16,20.12,
2013-03-13 03:58:15,20.06,
2013-03-13 03:53:14,20.12,
2013-03-13 03:48:13,20.19,
2013-03-13 03:43:12,20.19,
2013-03-13 03:38:11,20.19,
2013-03-13 03:33:11,20.25,
2013-03-13 03:28:10,20.25,
2013-03-13 03:23:09,20.31,
2013-03-13 03:18:08,20.31,
2013-03-13 03:13:07,20.31,
2013-03-13 03:08:07,20.31,
2013-03-13 03:03:05,20.44,
2013-03-13 02:58:04,20.44,
2013-03-13 02:53:03,20.5,
2013-03-13 02:48:03,20.5,
2013-03-13 02:43:02,20.56,
2013-03-13 02:38:01,20.56,
2013-03-13 02:33:00,20.56,
2013-03-13 02:27:59,20.62,
2013-03-13 02:22:58,20.69,
2013-03-13 02:17:57,20.69,
2013-03-13 02:12:56,20.75,
2013-03-13 02:07:56,20.75,
2013-03-13 02:02:55,20.75,
2013-03-13 01:57:54,20.81,
2013-03-13 01:52:53,20.87,
2013-03-13 01:47:52,20.87,
2013-03-13 01:42:51,20.87,
2013-03-13 01:37:50,20.94,
2013-03-13 01:32:50,21.06,
2013-03-13 01:27:49,21.06,
2013-03-13 01:22:48,21.12,
2013-03-13 01:17:47,21.12,
2013-03-13 01:12:46,21.12,
2013-03-13 01:07:45,21.25,
2013-03-13 01:02:44,21.25,
2013-03-13 00:57:43,21.31,
2013-03-13 00:52:43,21.37,
2013-03-13 00:47:42,21.44,
2013-03-13 00:42:41,21.5,
2013-03-13 00:37:40,21.56,
2013-03-13 00:32:39,21.56,
2013-03-13 00:27:38,21.62,
2013-03-13 00:22:37,21.69,
2013-03-13 00:17:37,21.75,
2013-03-13 00:12:36,21.75,
2013-03-13 00:07:35,21.81,
2013-03-13 00:02:34,21.81,
2013-03-12 23:57:33,21.87,
2013-03-12 23:52:32,21.94,
2013-03-12 23:47:32,22.0,
2013-03-12 23:42:31,22.06,
2013-03-12 23:37:30,22.06,
2013-03-12 23:32:29,22.06,
2013-03-12 23:27:28,22.12,
2013-03-12 23:22:27,22.19,
2013-03-12 23:17:26,22.25,
2013-03-12 23:12:25,22.25,
2013-03-12 23:07:24,22.31,
2013-03-12 23:02:24,22.37,
2013-03-12 22:57:23,22.44,
2013-03-12 22:52:22,22.44,
2013-03-12 22:47:21,22.5,
2013-03-12 22:42:20,22.5,
2013-03-12 22:37:19,22.44,
2013-03-12 22:32:18,22.5,
2013-03-12 22:27:17,22.56,
2013-03-12 22:22:17,22.56,
2013-03-12 22:17:16,22.62,
2013-03-12 22:12:15,22.75,
2013-03-12 22:07:14,22.94,
2013-03-12 22:02:13,23.19,
2013-03-12 21:57:12,23.31,
2013-03-12 21:52:11,23.5,
2013-03-12 21:47:11,23.75,
2013-03-12 21:42:10,24.12,
2013-03-12 21:37:09,24.81,
2013-03-12 21:32:08,27.81,
2013-03-12 21:27:07,27.87,
2013-03-12 21:22:07,25.56,
2013-03-12 21:16:28,25.25,
2013-03-12 21:11:26,25.37,
2013-03-12 21:06:25,25.19,
2013-03-12 21:01:24,25.37,
2013-03-12 20:56:24,25.31,
2013-03-12 20:51:23,25.25,
2013-03-12 20:46:23,25.25,
2013-03-12 20:41:21,25.25,
2013-03-12 20:36:20,25.31,
2013-03-12 20:31:19,25.44,
2013-03-12 20:26:18,25.37,
2013-03-12 20:21:17,25.25,
2013-03-12 20:16:17,25.44,
2013-03-12 20:11:16,25.44,
2013-03-12 20:06:15,25.44,
2013-03-12 20:01:14,25.5,
2013-03-12 19:56:13,25.31,
2013-03-12 19:51:12,25.12,
2013-03-12 19:46:11,25.31,
2013-03-12 19:41:11,25.19,
2013-03-12 19:36:10,25.56,
2013-03-12 19:31:09,25.44,
2013-03-12 19:26:08,25.44,
2013-03-12 19:21:07,25.5,
2013-03-12 19:16:07,25.25,
2013-03-12 19:11:05,25.31,
2013-03-12 19:06:05,25.19,
2013-03-12 19:01:04,25.0,
2013-03-12 18:56:03,25.06,
2013-03-12 18:51:02,25.12,
2013-03-12 18:46:01,25.12,
2013-03-12 18:41:00,25.19,
2013-03-12 18:35:59,25.0,
2013-03-12 18:30:58,25.0,
2013-03-12 18:25:58,25.06,
2013-03-12 18:20:57,25.19,
2013-03-12 18:15:56,25.19,
2013-03-12 18:10:55,25.12,
2013-03-12 18:05:54,25.12,
2013-03-12 18:00:53,25.25,
2013-03-12 17:55:52,25.62,
2013-03-12 17:50:52,25.94,
2013-03-12 17:45:51,25.81,
2013-03-12 17:40:50,25.69,
2013-03-12 17:35:49,25.62,
2013-03-12 17:30:48,25.37,
2013-03-12 17:25:47,25.5,
2013-03-12 17:20:46,25.31,
2013-03-12 17:15:46,25.37,
2013-03-12 17:10:45,25.31,
2013-03-12 17:05:44,25.31,
2013-03-12 17:00:44,25.31,
2013-03-12 16:55:42,25.62,
2013-03-12 16:50:41,25.81,
2013-03-12 16:45:40,25.69,
2013-03-12 16:40:39,25.5,
2013-03-12 16:35:39,25.5,
2013-03-12 16:30:38,25.19,
2013-03-12 16:25:37,25.31,
2013-03-12 16:20:36,25.5,
2013-03-12 16:15:35,25.62,
2013-03-12 16:10:34,25.56,
2013-03-12 16:05:33,25.69,
2013-03-12 16:00:33,25.62,
2013-03-12 15:55:32,24.44,
2013-03-12 15:50:31,24.19,
2013-03-12 15:45:30,24.19,
2013-03-12 15:40:29,24.25,
2013-03-12 15:35:28,24.31,
2013-03-12 15:30:27,24.25,
2013-03-12 15:25:26,24.31,
2013-03-12 15:20:26,24.12,
2013-03-12 15:15:25,24.19,
2013-03-12 15:10:24,24.19,
2013-03-12 15:05:23,24.25,
2013-03-12 15:00:22,24.19,
2013-03-12 14:55:21,24.12,
2013-03-12 14:50:20,24.37,
2013-03-12 14:45:19,24.87,
2013-03-12 14:40:19,32.88,
2013-03-12 14:35:18,29.62,
2013-03-12 14:30:17,24.0,
2013-03-12 14:25:16,23.87,
2013-03-12 14:20:15,23.81,
2013-03-12 14:15:14,23.62,
2013-03-11 21:10:42,24.44,
2013-03-11 21:05:42,24.5,
2013-03-11 21:00:40,24.5,
2013-03-11 20:55:40,24.44,
2013-03-11 20:50:40,24.44,
2013-03-11 20:45:38,24.44,
2013-03-11 20:40:37,24.44,
2013-03-11 20:35:36,24.44,
2013-03-11 20:30:35,24.5,
2013-03-11 20:25:34,24.5,
2013-03-11 20:20:34,24.5,
2013-03-11 20:15:33,24.5,
2013-03-11 20:10:32,24.56,
2013-03-11 20:05:31,24.56,
2013-03-11 20:00:30,24.62,
2013-03-11 19:55:31,24.62,
2013-03-11 17:55:18,21.69,
2013-03-11 17:29:50,21.5,
2013-03-11 17:28:08,33.0,
2013-03-11 17:27:03,33.0,
2013-03-11 06:08:57,35.0,
2013-03-11 05:57:44,35.0,
2013-03-11 05:55:09,35.0,
2013-03-11 05:54:56,35.0,
2013-02-11 10:25:23,23.0,1
2013-02-11 10:25:21,22.9,1
2013-02-11 10:25:19,22.9,1
2013-02-11 10:25:17,22.9,1
2013-02-11 10:25:15,22.9,1
2013-02-11 10:25:13,22.9,1
2013-02-11 10:25:11,22.9,1
2013-02-11 10:25:09,22.9,1
2013-02-11 10:25:07,22.9,1
2013-02-11 10:25:05,22.9,1
2013-02-11 10:25:03,22.9,1
2013-02-11 10:25:01,22.9,1
2013-02-11 10:24:59,22.9,1
2013-02-11 10:24:57,22.9,1
2013-02-11 10:24:55,22.9,1
2013-02-11 10:24:53,22.9,1
2013-02-11 10:24:51,22.9,1
2013-02-11 10:24:49,22.9,1
2013-02-11 10:24:47,22.9,1
2013-02-11 10:24:45,22.9,1
2013-02-11 10:24:43,22.9,1
2013-02-11 10:24:41,22.9,1
2013-02-11 10:24:39,22.9,1
2013-02-11 10:24:37,22.9,1
2013-02-11 10:24:35,22.9,1
2013-02-11 10:24:33,22.9,1
2013-02-11 10:24:31,22.9,1
2013-02-11 10:24:29,22.9,1
2013-02-11 10:24:27,22.9,1
2013-02-11 10:24:25,22.9,1
2013-02-11 10:24:23,22.9,1
2013-02-11 10:24:21,22.9,1
2013-02-11 10:24:19,23.0,1
2013-02-11 10:24:17,23.0,1
2013-02-11 10:24:15,22.9,1
2013-02-11 10:24:13,22.9,1
2013-02-11 10:24:11,23.0,1
2013-02-11 10:24:09,22.9,1
2013-02-11 10:24:07,22.9,1
2013-02-11 10:24:05,22.9,1
2013-02-11 10:24:03,23.0,1
2013-02-11 10:24:01,23.0,1
2013-02-11 10:23:59,23.0,1
2013-02-11 10:23:57,23.0,1
2013-02-11 10:23:55,23.0,1
2013-02-11 10:23:53,22.9,1
2013-02-11 10:23:51,22.9,1
2013-02-11 10:23:49,22.9,1
2013-02-11 10:23:47,22.9,1
2013-02-11 10:23:45,22.9,1
2013-02-11 10:23:43,22.9,1
2013-02-11 10:23:41,22.9,1
2013-02-11 10:23:39,22.9,1
2013-02-11 10:23:37,22.9,1
2013-02-11 10:23:35,22.9,1
2013-02-11 10:23:33,22.9,1
2013-02-11 10:23:31,22.9,1
2013-02-11 10:23:29,22.9,1
2013-02-11 10:23:27,22.9,1
2013-02-11 10:23:25,22.9,1
2013-02-11 10:23:23,22.9,1
2013-02-11 10:23:21,22.9,1
2013-02-11 10:23:19,22.9,1
2013-02-11 10:23:17,22.9,1
2013-02-11 10:23:15,22.9,1
2013-02-11 10:23:13,22.9,1
2013-02-11 10:23:11,22.9,1
2013-02-11 10:23:09,22.9,1
2013-02-11 10:23:07,22.9,1
2013-02-11 10:23:05,22.9,1
2013-02-11 10:23:03,22.9,1
2013-02-11 10:23:01,22.9,1
2013-02-11 10:22:59,22.9,1
2013-02-11 10:22:57,23.0,1
2013-02-11 10:22:55,23.0,1
2013-02-11 10:22:53,22.9,1
2013-02-11 10:22:51,22.9,1
2013-02-11 10:22:49,22.9,1
2013-02-11 10:22:47,22.9,1
2013-02-11 10:22:45,22.9,1
2013-02-11 10:22:43,22.9,1
2013-02-11 10:22:41,22.9,1
2013-02-11 10:22:39,22.9,1
2013-02-11 10:22:37,22.9,1
2013-02-11 10:22:35,22.9,1
2013-02-11 10:22:33,22.9,1
2013-02-11 10:22:31,22.9,1
2013-02-11 10:22:29,22.9,1
2013-02-11 10:22:27,22.9,1
2013-02-11 10:22:25,22.9,1
2013-02-11 10:22:23,22.9,1
2013-02-11 10:22:21,22.9,1
2013-02-11 10:22:19,22.8,1
2013-02-11 10:22:17,22.8,1
2013-02-11 10:22:15,22.8,1
2013-02-11 10:22:13,22.8,1
2013-02-11 10:22:11,22.8,1
2013-02-11 10:22:09,22.8,1
2013-02-11 10:22:07,22.8,1
2013-02-11 10:22:05,22.8,1
2013-02-11 10:22:03,22.8,1
2013-02-11 10:22:01,22.8,1
2013-02-11 10:21:59,22.7,1
2013-02-11 10:21:57,22.8,1
2013-02-11 10:21:55,22.8,1
2013-02-11 10:21:53,22.8,1
2013-02-11 10:21:51,22.8,1
2013-02-11 10:21:49,22.8,1
2013-02-11 10:21:47,22.8,1
2013-02-11 10:21:45,22.8,1
2013-02-11 10:21:43,22.8,1
2013-02-11 10:21:41,22.8,1
2013-02-11 10:21:39,22.8,1
2013-02-11 10:21:37,22.8,1
2013-02-11 10:21:35,22.9,1
2013-02-11 10:21:33,22.9,1
2013-02-11 10:21:31,22.9,1
2013-02-11 10:21:29,22.9,1
2013-02-11 10:21:27,22.9,1
2013-02-11 10:21:25,22.9,1
2013-02-11 10:21:23,22.9,1
2013-02-11 10:21:21,22.9,1
2013-02-11 10:21:19,22.9,1
2013-02-11 10:21:17,23.0,1
2013-02-11 10:21:15,23.0,1
2013-02-11 10:21:13,23.0,1
2013-02-11 10:21:11,23.0,1
2013-02-11 10:21:09,23.0,1
2013-02-11 10:21:07,23.0,1
2013-02-11 10:21:05,23.0,1
2013-02-11 10:21:03,23.0,1
2013-02-11 10:21:01,23.0,1
2013-02-11 10:20:59,23.0,1
2013-02-11 10:20:57,23.0,1
2013-02-11 10:20:55,23.0,1
2013-02-11 10:20:53,23.0,1
2013-02-11 10:20:51,23.0,1
2013-02-11 10:20:49,23.0,1
2013-02-11 10:20:47,23.0,1
2013-02-11 10:20:45,23.0,1
2013-02-11 10:20:43,23.0,1
2013-02-11 10:20:41,23.0,1
2013-02-11 10:20:39,23.0,1
2013-02-11 10:20:37,23.0,1
2013-02-11 10:20:35,23.0,1
2013-02-11 10:20:33,23.0,1
2013-02-11 10:20:31,23.0,1
2013-02-11 10:20:29,22.9,1
2013-02-11 10:20:27,22.9,1
2013-02-11 10:20:25,22.9,1
2013-02-11 10:20:23,23.0,1
2013-02-11 10:20:21,23.0,1
2013-02-11 10:20:19,23.0,1
2013-02-11 10:20:17,23.0,1
2013-02-11 10:20:15,23.0,1
2013-02-11 10:20:13,23.0,1
2013-02-11 10:20:11,23.0,1
2013-02-11 10:20:09,23.0,1
2013-02-11 10:20:07,23.0,1
2013-02-11 10:20:05,23.0,1
2013-02-11 10:20:03,23.0,1
2013-02-11 10:20:01,23.0,1
2013-02-11 10:19:59,23.0,1
2013-02-11 10:19:57,23.0,1
2013-02-11 10:19:55,23.0,1
2013-02-11 10:19:53,23.0,1
2013-02-11 10:19:51,23.1,1
2013-02-11 10:19:49,23.1,1
2013-02-11 10:19:47,23.1,1
2013-02-11 10:19:45,23.1,1
2013-02-11 10:19:43,23.0,1
2013-02-11 10:19:41,23.0,1
2013-02-11 10:19:39,23.0,1
2013-02-11 10:19:37,23.0,1
2013-02-11 10:19:35,23.0,1
2013-02-11 10:19:33,23.0,1
2013-02-11 10:19:31,23.0,1
2013-02-11 10:19:29,23.0,1
2013-02-11 10:19:27,23.0,1
2013-02-11 10:19:25,23.0,1
2013-02-11 10:19:23,23.0,1
2013-02-11 10:19:21,23.0,1
2013-02-11 10:19:19,23.0,1
2013-02-11 10:19:17,23.0,1
2013-02-11 10:19:15,23.0,1
2013-02-11 10:19:13,23.1,1
2013-02-11 10:19:11,23.0,1
2013-02-11 10:19:09,23.0,1
2013-02-11 10:19:07,23.0,1
2013-02-11 10:19:05,23.1,1
2013-02-11 10:19:03,23.1,1
2013-02-11 10:19:01,23.1,1
2013-02-11 10:18:59,23.0,1
2013-02-11 10:18:57,23.1,1
2013-02-11 10:18:55,23.1,1
2013-02-11 10:18:53,23.1,1
2013-02-11 10:18:51,23.1,1
2013-02-11 10:18:49,23.1,1
2013-02-11 10:18:47,23.1,1
2013-02-11 10:18:45,23.1,1
2013-02-11 10:18:43,23.1,1
2013-02-11 10:18:41,23.0,1
2013-02-11 10:18:39,23.0,1
2013-02-11 10:18:37,23.0,1
2013-02-11 10:18:35,23.1,1
2013-02-11 10:18:33,23.1,1
2013-02-11 10:18:31,23.1,1
2013-02-11 10:18:29,23.1,1
2013-02-11 10:18:27,23.1,1
2013-02-11 10:18:25,23.1,1
2013-02-11 10:18:23,23.1,1
2013-02-11 10:18:21,23.1,1
2013-02-11 10:18:19,23.1,1
2013-02-11 10:18:17,23.1,1
2013-02-11 10:18:15,23.0,1
2013-02-11 10:18:13,23.0,1
2013-02-11 10:18:11,23.1,1
2013-02-11 10:18:09,23.1,1
2013-02-11 10:18:07,23.1,1
2013-02-11 10:18:05,23.1,1
2013-02-11 10:18:03,23.0,1
2013-02-11 10:18:01,23.0,1
2013-02-11 10:17:59,23.0,1
2013-02-11 10:17:57,23.0,1
2013-02-11 10:17:55,23.0,1
2013-02-11 10:17:53,23.0,1
2013-02-11 10:17:51,23.0,1
2013-02-11 10:17:49,23.0,1
2013-02-11 10:17:47,23.0,1
2013-02-11 10:17:45,23.0,1
2013-02-11 10:17:43,23.0,1
2013-02-11 10:17:41,23.0,1
2013-02-11 10:17:39,23.0,1
2013-02-11 10:17:37,23.0,1
2013-02-11 10:17:35,23.0,1
2013-02-11 10:17:33,23.0,1
2013-02-11 10:17:31,23.0,1
2013-02-11 10:17:29,23.0,1
2013-02-11 10:17:27,22.9,1
2013-02-11 10:17:25,22.9,1
2013-02-11 10:17:23,22.9,1
2013-02-11 10:17:21,22.9,1
2013-02-11 10:17:19,22.9,1
2013-02-11 10:17:17,22.9,1
2013-02-11 10:17:15,22.9,1
2013-02-11 10:17:13,22.9,1
2013-02-11 10:17:11,22.9,1
2013-02-11 10:17:09,22.9,1
2013-02-11 10:17:07,22.9,1
2013-02-11 10:17:05,22.9,1
2013-02-11 10:17:03,22.9,1
2013-02-11 10:17:01,23.0,1
2013-02-11 10:16:59,23.0,1
2013-02-11 10:16:57,23.0,1
2013-02-11 10:16:55,23.0,1
2013-02-11 10:16:53,23.0,1
2013-02-11 10:16:51,23.0,1
2013-02-11 10:16:49,23.0,1
2013-02-11 10:16:47,23.0,1
2013-02-11 10:16:45,23.0,1
2013-02-11 10:16:43,23.0,1
2013-02-11 10:16:41,23.0,1
2013-02-11 10:16:39,23.0,1
2013-02-11 10:16:37,23.1,1
2013-02-11 10:16:35,23.1,1
2013-02-11 10:16:33,23.1,1
2013-02-11 10:16:31,23.1,1
2013-02-11 10:16:29,23.1,1
2013-02-11 10:16:27,23.1,1
2013-02-11 10:16:25,23.1,1
2013-02-11 10:16:23,23.0,1
2013-02-11 10:16:21,23.0,1
2013-02-11 10:16:19,23.1,1
2013-02-11 10:16:17,23.0,1
2013-02-11 10:16:15,23.0,1
2013-02-11 10:16:13,23.0,1
2013-02-11 10:16:11,23.0,1
2013-02-11 10:16:09,23.0,1
2013-02-11 10:16:07,23.0,1
2013-02-11 10:16:05,23.0,1
2013-02-11 10:16:03,23.0,1
2013-02-11 10:16:01,23.0,1
2013-02-11 10:15:59,23.0,1
2013-02-11 10:15:57,23.0,1
2013-02-11 10:15:55,23.0,1
2013-02-11 10:15:53,23.0,1
2013-02-11 10:15:51,23.0,1
2013-02-11 10:15:49,23.0,1
2013-02-11 10:15:47,23.0,1
2013-02-11 10:15:45,23.0,1
2013-02-11 10:15:43,23.0,1
2013-02-11 10:15:41,23.0,1
2013-02-11 10:15:39,23.0,1
2013-02-11 10:15:37,23.0,1
2013-02-11 10:15:35,23.0,1
2013-02-11 10:15:33,23.0,1
2013-02-11 10:15:31,23.0,1
2013-02-11 10:15:29,23.0,1
2013-02-11 10:15:27,23.0,1
2013-02-11 10:15:25,23.0,1
2013-02-11 10:15:23,23.0,1
2013-02-11 10:15:21,22.9,1
2013-02-11 10:15:19,22.9,1
2013-02-11 10:15:17,22.9,1
2013-02-11 10:15:15,22.9,1
2013-02-11 10:15:12,23.0,1
2013-02-11 10:15:10,23.0,1
2013-02-11 10:15:08,23.0,1
2013-02-11 10:15:06,22.9,1
2013-02-11 10:15:05,22.9,1
2013-02-11 10:15:03,22.9,1
2013-02-11 10:15:01,22.9,1
2013-02-11 10:14:58,22.9,1
2013-02-11 10:14:56,22.9,1
2013-02-11 10:14:55,22.9,1
2013-02-11 10:14:53,22.9,1
2013-02-11 10:14:50,22.9,1
2013-02-11 10:14:48,23.0,1
2013-02-11 10:14:46,23.0,1
2013-02-11 10:14:45,23.0,1
2013-02-11 10:14:42,23.0,1
2013-02-11 10:14:41,23.0,1
2013-02-11 10:14:39,23.0,1
2013-02-11 10:14:36,23.0,1
2013-02-11 10:14:34,22.9,1
2013-02-11 10:14:32,23.0,1
2013-02-11 10:14:30,22.9,1
2013-02-11 10:14:28,22.9,1
2013-02-11 10:14:26,22.9,1
2013-02-11 10:14:25,22.9,1
2013-02-11 10:14:22,22.9,1
2013-02-11 10:14:20,22.9,1
2013-02-11 10:14:18,22.9,1
2013-02-11 10:14:16,22.9,1
2013-02-11 10:14:15,22.9,1
2013-02-11 10:14:12,22.9,1
2013-02-11 10:14:11,22.9,1
2013-02-11 10:14:08,22.9,1
2013-02-11 10:14:06,22.9,1
2013-02-11 10:14:04,22.9,1
2013-02-11 10:14:02,22.8,1
2013-02-11 10:14:00,22.9,1
2013-02-11 10:13:59,22.9,1
2013-02-11 10:13:56,22.9,1
2013-02-11 10:13:55,22.9,1
2013-02-11 10:13:52,22.8,1
2013-02-11 10:13:50,22.8,1
2013-02-11 10:13:48,22.8,1
2013-02-11 10:13:46,22.8,1
2013-02-11 10:13:45,22.8,1
2013-02-11 10:13:42,22.8,1
2013-02-11 10:13:40,22.8,1
2013-02-11 10:13:38,22.8,1
2013-02-11 10:13:36,22.8,1
2013-02-11 10:13:34,22.8,1
2013-02-11 10:13:32,22.8,1
2013-02-11 10:13:30,22.8,1
2013-02-11 10:13:28,22.8,1
2013-02-11 10:13:26,22.8,1
2013-02-11 10:13:24,22.8,1
2013-02-11 10:13:22,22.8,1
2013-02-11 10:13:20,22.8,1
2013-02-11 10:13:18,22.8,1
2013-02-11 10:13:16,22.8,1
2013-02-11 10:13:15,22.8,1
2013-02-11 10:13:12,22.8,1
2013-02-11 10:13:10,22.8,1
2013-02-11 10:13:08,22.8,1
2013-02-11 10:13:06,22.8,1
2013-02-11 10:13:04,22.8,1
2013-02-11 10:13:03,22.8,1
2013-02-11 10:13:00,22.8,1
2013-02-11 10:12:58,22.8,1
2013-02-11 10:12:56,22.8,1
2013-02-11 10:12:54,22.8,1
2013-02-11 10:12:52,22.8,1
2013-02-11 10:12:50,22.8,1
2013-02-11 10:12:48,22.8,1
2013-02-11 10:12:46,22.8,1
2013-02-11 10:12:44,22.8,1
2013-02-11 10:12:42,22.8,1
2013-02-11 10:12:40,22.8,1
2013-02-11 10:12:39,22.8,1
2013-02-11 10:12:36,22.8,1
2013-02-11 10:12:34,22.8,1
2013-02-11 10:12:32,22.8,1
2013-02-11 10:12:30,22.8,1
2013-02-11 10:12:28,22.8,1
2013-02-11 10:12:26,22.8,1
2013-02-11 10:12:24,22.9,1
2013-02-11 10:12:22,22.9,1
2013-02-11 10:12:20,22.8,1
2013-02-11 10:12:18,22.8,1
2013-02-11 10:12:16,22.8,1
2013-02-11 10:12:14,22.8,1
2013-02-11 10:12:12,22.9,1
2013-02-11 10:12:10,22.9,1
2013-02-11 10:12:08,22.9,1
2013-02-11 10:12:06,22.9,1
2013-02-11 10:12:04,22.8,1
2013-02-11 10:12:02,22.8,1
2013-02-11 10:12:00,22.8,1
2013-02-11 10:11:58,22.8,1
2013-02-11 10:11:56,22.8,1
2013-02-11 10:11:54,22.7,1
2013-02-11 10:11:52,22.7,1
2013-02-11 10:11:50,22.7,1
2013-02-11 10:11:48,22.7,1
2013-02-11 10:11:46,22.7,1
2013-02-11 10:11:44,22.8,1
2013-02-11 10:11:42,22.8,1
2013-02-11 10:11:40,22.8,1
2013-02-11 10:11:38,22.8,1
2013-02-11 10:11:36,22.8,1
2013-02-11 10:11:34,22.8,1
2013-02-11 10:11:33,22.8,1
2013-02-11 10:11:28,22.8,1
2013-02-11 10:11:26,22.8,1
2013-02-11 10:11:24,22.8,1
2013-02-11 10:11:22,22.8,1
2013-02-11 10:11:20,22.8,1
2013-02-11 10:11:18,22.8,1
2013-02-11 10:11:16,22.8,1
2013-02-11 10:11:14,22.8,1
2013-02-11 10:11:12,22.8,1
2013-02-11 10:11:10,22.8,1
2013-02-11 10:11:08,22.8,1
2013-02-11 10:11:06,22.8,1
2013-02-11 10:11:04,22.8,1
2013-02-11 10:11:02,22.8,1
2013-02-11 10:11:00,22.8,1
2013-02-11 10:10:58,22.8,1
2013-02-11 10:10:56,22.8,1
2013-02-11 10:10:54,22.8,1
2013-02-11 10:10:52,22.8,1
2013-02-11 10:10:50,22.8,1
2013-02-11 10:10:48,22.9,1
2013-02-11 10:10:46,22.9,1
2013-02-11 10:10:44,22.9,1
2013-02-11 10:10:42,22.9,1
2013-02-11 10:10:40,22.9,1
2013-02-11 10:10:38,22.9,1
2013-02-11 10:10:36,22.9,1
2013-02-11 10:10:34,22.9,1
2013-02-11 10:10:32,22.9,1
2013-02-11 10:10:30,22.9,1
2013-02-11 10:10:28,22.9,1
2013-02-11 10:10:26,22.9,1
2013-02-11 10:10:24,22.9,1
2013-02-11 10:10:22,22.9,1
2013-02-11 10:10:20,22.9,1
2013-02-11 10:10:18,22.9,1
2013-02-11 10:10:16,22.9,1
2013-02-11 10:10:14,22.9,1
2013-02-11 10:10:12,22.9,1
2013-02-11 10:10:10,22.9,1
2013-02-11 10:10:08,22.9,1
2013-02-11 10:10:06,22.9,1
2013-02-11 10:10:04,22.9,1
2013-02-11 10:10:02,22.9,1
2013-02-11 10:10:00,22.9,1
2013-02-11 10:09:58,22.9,1
2013-02-11 10:09:56,22.9,1
2013-02-11 10:09:54,22.9,1
2013-02-11 10:09:52,22.9,1
2013-02-11 10:09:50,22.9,1
2013-02-11 10:09:48,22.9,1
2013-02-11 10:09:46,22.9,1
2013-02-11 10:09:44,22.9,1
2013-02-11 10:09:42,22.9,1
2013-02-11 10:09:40,22.9,1
2013-02-11 10:09:38,22.9,1
2013-02-11 10:09:36,22.9,1
2013-02-11 10:09:34,22.9,1
2013-02-11 10:09:32,23.0,1
2013-02-11 10:09:30,23.0,1
2013-02-11 10:09:28,23.0,1
2013-02-11 10:09:26,22.9,1
2013-02-11 10:09:24,23.0,1
2013-02-11 10:09:22,23.0,1
2013-02-11 10:09:20,23.0,1
2013-02-11 10:09:18,23.0,1
2013-02-11 10:09:16,23.0,1
2013-02-11 10:09:14,22.9,1
2013-02-11 10:09:12,22.9,1
2013-02-11 10:09:10,22.9,1
2013-02-11 10:09:08,22.9,1
2013-02-11 10:09:06,22.9,1
2013-02-11 10:09:04,22.9,1
2013-02-11 10:09:02,22.9,1
2013-02-11 10:09:00,22.9,1
2013-02-11 10:08:58,22.9,1
2013-02-11 10:08:56,22.9,1
2013-02-11 10:08:54,22.9,1
2013-02-11 10:08:52,22.9,1
2013-02-11 10:08:50,22.9,1
2013-02-11 10:08:48,22.8,1
2013-02-11 10:08:46,22.8,1
2013-02-11 10:08:44,22.8,1
2013-02-11 10:08:42,22.8,1
2013-02-11 10:08:40,22.8,1
2013-02-11 10:08:38,22.8,1
2013-02-11 10:08:36,22.8,1
2013-02-11 10:08:34,22.8,1
2013-02-11 10:08:32,22.8,1
2013-02-11 10:08:30,22.8,1
2013-02-11 10:08:28,22.8,1
2013-02-11 10:08:26,22.8,1
2013-02-11 10:08:24,22.8,1
2013-02-11 10:08:22,22.8,1
2013-02-11 10:08:20,22.8,1
2013-02-11 10:08:18,22.8,1
2013-02-11 10:08:16,22.8,1
2013-02-11 10:08:14,22.8,1
2013-02-11 10:08:12,22.8,1
2013-02-11 10:08:10,22.8,1
2013-02-11 10:08:08,22.8,1
2013-02-11 10:08:06,22.8,1
2013-02-11 10:08:04,22.8,1
2013-02-11 10:08:02,22.8,1
2013-02-11 10:08:00,22.8,1
2013-02-11 10:07:58,22.8,1
2013-02-11 10:07:56,22.8,1
2013-02-11 10:07:54,22.8,1
2013-02-11 10:07:52,22.8,1
2013-02-11 10:07:50,22.8,1
2013-02-11 10:07:48,22.8,1
2013-02-11 10:07:46,22.7,1
2013-02-11 10:07:44,22.7,1
2013-02-11 10:07:42,22.7,1
2013-02-11 10:07:40,22.7,1
2013-02-11 10:07:38,22.7,1
2013-02-11 10:07:36,22.7,1
2013-02-11 10:07:34,22.7,1
2013-02-11 10:07:32,22.7,1
2013-02-11 10:07:28,22.8,1
2013-02-11 10:07:26,22.8,1
2013-02-11 10:07:24,22.8,1
2013-02-11 10:07:22,22.8,1
2013-02-11 10:07:20,22.8,1
2013-02-11 10:07:18,22.8,1
2013-02-11 10:07:16,22.8,1
2013-02-11 10:07:14,22.8,1
2013-02-11 10:07:12,22.8,1
2013-02-11 10:07:10,22.8,1
2013-02-11 10:07:08,22.8,1
2013-02-11 10:07:06,22.7,1
2013-02-11 10:07:04,22.7,1
2013-02-11 10:07:02,22.7,1
2013-02-11 10:07:00,22.7,1
2013-02-11 10:06:58,22.7,1
2013-02-11 10:06:56,22.7,1
2013-02-11 10:06:54,22.7,1
2013-02-11 10:06:52,22.7,1
2013-02-11 10:06:50,22.6,1
2013-02-11 10:06:48,22.6,1
2013-02-11 10:06:46,22.6,1
2013-02-11 10:06:44,22.6,1
2013-02-11 10:06:42,22.6,1
2013-02-11 10:06:40,22.6,1
2013-02-11 10:06:38,22.7,1
2013-02-11 10:06:36,22.6,1
2013-02-11 10:06:34,22.7,1
2013-02-11 10:06:32,22.7,1
2013-02-11 10:06:30,22.7,1
2013-02-11 10:06:28,22.7,1
2013-02-11 10:06:26,22.7,1
2013-02-11 10:06:24,22.7,1
2013-02-11 10:06:22,22.7,1
2013-02-11 10:06:20,22.6,1
2013-02-11 10:06:18,22.6,1
2013-02-11 10:06:16,22.6,1
2013-02-11 10:06:14,22.6,1
2013-02-11 10:06:12,22.6,1
2013-02-11 10:06:10,22.6,1
2013-02-11 10:06:08,22.7,1
2013-02-11 10:06:06,22.7,1
2013-02-11 10:06:04,22.7,1
2013-02-11 10:06:02,22.7,1
2013-02-11 10:06:00,22.6,1
2013-02-11 10:05:58,22.6,1
2013-02-11 10:05:56,22.6,1
2013-02-11 10:05:54,22.6,1
2013-02-11 10:05:52,22.6,1
2013-02-11 10:05:50,22.6,1
2013-02-11 10:05:48,22.6,1
2013-02-11 10:05:46,22.6,1
2013-02-11 10:05:44,22.6,1
2013-02-11 10:05:42,22.6,1
2013-02-11 10:05:40,22.6,1
2013-02-11 10:05:38,22.7,1
2013-02-11 10:05:36,22.7,1
2013-02-11 10:05:34,22.7,1
2013-02-11 10:05:32,22.7,1
2013-02-11 10:05:30,22.7,1
2013-02-11 10:05:28,22.7,1
2013-02-11 10:05:26,22.7,1
2013-02-11 10:05:24,22.7,1
2013-02-11 10:05:22,22.8,1
2013-02-11 10:05:20,22.8,1
2013-02-11 10:05:18,22.8,1
2013-02-11 10:05:16,22.8,1
2013-02-11 10:05:14,22.8,1
2013-02-11 10:05:12,22.7,1
2013-02-11 10:05:10,22.7,1
2013-02-11 10:05:08,22.8,1
2013-02-11 10:05:06,22.8,1
2013-02-11 10:05:04,22.8,1
2013-02-11 10:05:02,22.8,1
2013-02-11 10:05:00,22.8,1
2013-02-11 10:04:58,22.8,1
2013-02-11 10:04:56,22.8,1
2013-02-11 10:04:54,22.8,1
2013-02-11 10:04:52,22.7,1
2013-02-11 10:04:50,22.8,1
2013-02-11 10:04:48,22.8,1
2013-02-11 10:04:46,22.8,1
2013-02-11 10:04:44,22.7,1
2013-02-11 10:04:42,22.7,1
2013-02-11 10:04:40,22.8,1
2013-02-11 10:04:38,22.8,1
2013-02-11 10:04:36,22.8,1
2013-02-11 10:04:34,22.8,1
2013-02-11 10:04:32,22.8,1
2013-02-11 10:04:30,22.8,1
2013-02-11 10:04:28,22.8,1
2013-02-11 10:04:26,22.8,1
2013-02-11 10:04:24,22.8,1
2013-02-11 10:04:22,22.8,1
2013-02-11 10:04:20,22.8,1
2013-02-11 10:04:18,22.8,1
2013-02-11 10:04:16,22.9,1
2013-02-11 10:04:14,22.9,1
2013-02-11 10:04:12,22.9,1
2013-02-11 10:04:10,22.9,1
2013-02-11 10:04:08,22.9,1
2013-02-11 10:04:06,22.9,1
2013-02-11 10:04:04,22.8,1
2013-02-11 10:04:02,22.8,1
2013-02-11 10:04:00,22.8,1
2013-02-11 10:03:58,22.8,1
2013-02-11 10:03:56,22.8,1
2013-02-11 10:03:54,22.8,1
2013-02-11 10:03:52,22.8,1
2013-02-11 10:03:50,22.8,1
2013-02-11 10:03:48,22.8,1
2013-02-11 10:03:46,22.8,1
2013-02-11 10:03:44,22.8,1
2013-02-11 10:03:42,22.8,1
2013-02-11 10:03:40,22.8,1
2013-02-11 10:03:38,22.8,1
2013-02-11 10:03:36,22.8,1
2013-02-11 10:03:34,22.8,1
2013-02-11 10:03:32,22.8,1
2013-02-11 10:03:30,22.7,1
2013-02-11 10:03:28,22.8,1
2013-02-11 10:03:26,22.8,1
2013-02-11 10:03:24,22.8,1
2013-02-11 10:03:22,22.8,1
2013-02-11 10:03:20,22.8,1
2013-02-11 10:03:18,22.8,1
2013-02-11 10:03:16,22.8,1
2013-02-11 10:03:14,22.8,1
2013-02-11 10:03:12,22.8,1
2013-02-11 10:03:10,22.8,1
2013-02-11 10:03:08,22.8,1
2013-02-11 10:03:06,22.7,1
2013-02-11 10:03:04,22.7,1
2013-02-11 10:03:02,22.8,1
2013-02-11 10:03:00,22.8,1
2013-02-11 10:02:58,22.8,1
2013-02-11 10:02:56,22.8,1
2013-02-11 10:02:54,22.7,1
2013-02-11 10:02:52,22.7,1
2013-02-11 10:02:50,22.7,1
2013-02-11 10:02:48,22.7,1